<?xml version="1.0"?>
<Customer_Dims xmlns:xsi="http://www.w3.org/2001/XMLSchema-instance" 
xsi:noNamespaceSchemaLocation="customer_dim.xsd">
<Customer_Dim>
    <CustomerID>BOTTM</CustomerID>
    <ContactName>Elizabeth Lincoln</ContactName>
    <City>Tsawassen</City>
    <Region>BC</Region>
    <Country>Canada</Country>
</Customer_Dim>
<Customer_Dim>
    <CustomerID>GOURL</CustomerID>
    <ContactName>Andre Fonseca</ContactName>
    <City>Campinas</City>
    <Region>SP</Region>
    <Country>Brazil</Country>
</Customer_Dim>
<Customer_Dim>
    <CustomerID>GREAL</CustomerID>
    <ContactName>Howard Snyder</ContactName>
    <City>Eugene</City>
    <Region>OR</Region>
    <Country>USA</Country>
</Customer_Dim> 
<Customer_Dim>
    <CustomerID>LETSS</CustomerID>
    <ContactName>Jaime Yorres</ContactName>
    <City>San Francisco</City>
    <Region>CA</Region>
    <Country>USA</Country>
</Customer_Dim>
<Customer_Dim>
    <CustomerID>LINOD</CustomerID>
    <ContactName>Felipe Izquierdo</ContactName>
    <City>I. de Margarita</City>
    <Region>Nueva Esparta</Region>
    <Country>Venezuela</Country>
</Customer_Dim>
<Customer_Dim>
    <CustomerID>LONEP</CustomerID>
    <ContactName>Fran Wilson</ContactName>
    <City>Portland</City>
    <Region>OR</Region>
    <Country>USA</Country>
</Customer_Dim>
</Customer_Dims>