<?xml version="1.0"?>
  <Employee_Dims xmlns:xsi="http://www.w3.org/2001/XMLSchema-instance"
  xsi:noNamespaceSchemaLocation="employee_dim.xsd">
  <Employee_Dim>
    <EmployeeID>1</EmployeeID>
    <LastName>Davolio</LastName>
    <FirstName>Nancy</FirstName>
    <City>Seattle</City>
    <Region>WA</Region>
    <Country>USA</Country>
  </Employee_Dim>
  <Employee_Dim>
    <EmployeeID>2</EmployeeID>
    <LastName>Fuller</LastName>
    <FirstName>Andrew</FirstName>
    <City>Tacoma</City>
    <Region>WA</Region>
    <Country>USA</Country>
  </Employee_Dim>
  <Employee_Dim>
    <EmployeeID>3</EmployeeID>
    <LastName>Leverling</LastName>
    <FirstName>Janet</FirstName>
    <City>Kirkland</City>
    <Region>WA</Region>
    <Country>USA</Country>
  </Employee_Dim>
  <Employee_Dim>
    <EmployeeID>4</EmployeeID>
    <LastName>Peacock</LastName>
    <FirstName>Margaret</FirstName>
    <City>Redmond</City>
    <Region>WA</Region>
    <Country>USA</Country>
  </Employee_Dim>
  <Employee_Dim>
    <EmployeeID>5</EmployeeID>
    <LastName>Buchanan</LastName>
    <FirstName>Steven</FirstName>
    <City>London</City>
    <Region></Region>
    <Country>UK</Country>
  </Employee_Dim>
  <Employee_Dim>
    <EmployeeID>6</EmployeeID>
    <LastName>Suyama</LastName>
    <FirstName>Michael</FirstName>
    <City>London</City>
    <Region></Region>
    <Country>UK</Country>
  </Employee_Dim>
  <Employee_Dim>
    <EmployeeID>7</EmployeeID>
    <LastName>King</LastName>
    <FirstName>Robert</FirstName>
    <City>London</City>
    <Region></Region>
    <Country>UK</Country>
  </Employee_Dim>
  <Employee_Dim>
    <EmployeeID>8</EmployeeID>
    <LastName>Callahan</LastName>
    <FirstName>Laura</FirstName>
    <City>Seattle</City>
    <Region>WA</Region>
    <Country>USA</Country>
  </Employee_Dim>
  <Employee_Dim>
    <EmployeeID>9</EmployeeID>
    <LastName>Dodsworth</LastName>
    <FirstName>Anne</FirstName>
    <City>London</City>
    <Region></Region>
    <Country>UK</Country>
  </Employee_Dim>
</Employee_Dims>
