﻿CustomerID,ContactName,Order_Revenue
CENTC     ,Francisco Chang,80.0000
CENTC     ,Francisco Chang,20.8000
TORTU     ,Miguel Angel Paolino,372.0000
TORTU     ,Miguel Angel Paolino,48.0000
TORTU     ,Miguel Angel Paolino,600.0000
TORTU     ,Miguel Angel Paolino,36.0000
TORTU     ,Miguel Angel Paolino,175.5000
TORTU     ,Miguel Angel Paolino,37.2000
TORTU     ,Miguel Angel Paolino,480.0000
TORTU     ,Miguel Angel Paolino,440.0000
TORTU     ,Miguel Angel Paolino,34.4000
ANATR     ,Ana Trujillo,28.8000
ANATR     ,Ana Trujillo,60.0000
TORTU     ,Miguel Angel Paolino,249.6000
TORTU     ,Miguel Angel Paolino,509.6000
TORTU     ,Miguel Angel Paolino,432.0000
PERIC     ,Guillermo Fernández,112.0000
PERIC     ,Guillermo Fernández,172.8000
PERIC     ,Guillermo Fernández,396.0000
ANTON     ,Antonio Moreno,403.2000
PERIC     ,Guillermo Fernández,223.2000
PERIC     ,Guillermo Fernández,655.2000
PERIC     ,Guillermo Fernández,308.7000
PERIC     ,Guillermo Fernández,62.0000
PERIC     ,Guillermo Fernández,199.5000
PERIC     ,Guillermo Fernández,196.8000
PERIC     ,Guillermo Fernández,420.0000
ANTON     ,Antonio Moreno,690.0000
ANTON     ,Antonio Moreno,191.2500
TORTU     ,Miguel Angel Paolino,22.5000
TORTU     ,Miguel Angel Paolino,3952.5000
TORTU     ,Miguel Angel Paolino,175.0500
ANTON     ,Antonio Moreno,1050.0000
ANTON     ,Antonio Moreno,184.0000
ANTON     ,Antonio Moreno,97.5000
ANTON     ,Antonio Moreno,825.0000
ANTON     ,Antonio Moreno,702.0000
ANTON     ,Antonio Moreno,560.0000
ANTON     ,Antonio Moreno,820.0000
TORTU     ,Miguel Angel Paolino,180.0000
TORTU     ,Miguel Angel Paolino,250.0000
TORTU     ,Miguel Angel Paolino,408.4500
ANATR     ,Ana Trujillo,69.7500
ANATR     ,Ana Trujillo,70.0000
ANATR     ,Ana Trujillo,340.0000
TORTU     ,Miguel Angel Paolino,62.0000
TORTU     ,Miguel Angel Paolino,64.4000
TORTU     ,Miguel Angel Paolino,408.4500
ANTON     ,Antonio Moreno,936.9000
ANTON     ,Antonio Moreno,20.0000
ANTON     ,Antonio Moreno,75.0000
ANTON     ,Antonio Moreno,68.0000
ANTON     ,Antonio Moreno,232.5000
ANATR     ,Ana Trujillo,320.0000
TORTU     ,Miguel Angel Paolino,315.0000
TORTU     ,Miguel Angel Paolino,230.0000
TORTU     ,Miguel Angel Paolino,250.0000
TORTU     ,Miguel Angel Paolino,180.0000
ANTON     ,Antonio Moreno,380.0000
ANTON     ,Antonio Moreno,280.0000
TORTU     ,Miguel Angel Paolino,390.0000
TORTU     ,Miguel Angel Paolino,75.0000
TORTU     ,Miguel Angel Paolino,74.5000
ANATR     ,Ana Trujillo,42.0000
ANATR     ,Ana Trujillo,60.0000
ANATR     ,Ana Trujillo,64.4000
ANATR     ,Ana Trujillo,348.0000
PERIC     ,Guillermo Fernández,1060.0000
PERIC     ,Guillermo Fernández,136.0000
TORTU     ,Miguel Angel Paolino,360.0000
PERIC     ,Guillermo Fernández,210.0000
PERIC     ,Guillermo Fernández,90.0000

