﻿EmployeeID,Employee_Name,ProductID,Quantity,Revenue
1,Nancy Davolio,1,35,630.0000
1,Nancy Davolio,1,45,648.0000
1,Nancy Davolio,2,10,190.0000
1,Nancy Davolio,2,12,228.0000
1,Nancy Davolio,2,20,380.0000
1,Nancy Davolio,2,24,456.0000
1,Nancy Davolio,2,25,380.0000
1,Nancy Davolio,2,40,608.0000
1,Nancy Davolio,2,50,760.0000
1,Nancy Davolio,2,50,950.0000
1,Nancy Davolio,3,4,40.0000
1,Nancy Davolio,3,14,140.0000
1,Nancy Davolio,3,50,400.0000
1,Nancy Davolio,4,1,22.0000
1,Nancy Davolio,4,5,110.0000
1,Nancy Davolio,5,65,1105.0000
1,Nancy Davolio,6,1,25.0000
1,Nancy Davolio,6,6,120.0000
1,Nancy Davolio,6,16,400.0000
1,Nancy Davolio,6,70,1750.0000
1,Nancy Davolio,7,1,30.0000
1,Nancy Davolio,7,4,120.0000
1,Nancy Davolio,7,10,240.0000
1,Nancy Davolio,7,10,300.0000
1,Nancy Davolio,7,12,360.0000
1,Nancy Davolio,7,15,450.0000
1,Nancy Davolio,8,2,80.0000
1,Nancy Davolio,8,16,640.0000
1,Nancy Davolio,8,40,1600.0000
1,Nancy Davolio,10,1,31.0000
1,Nancy Davolio,10,2,62.0000
1,Nancy Davolio,10,10,310.0000
1,Nancy Davolio,10,15,465.0000
1,Nancy Davolio,10,18,558.0000
1,Nancy Davolio,10,24,744.0000
1,Nancy Davolio,10,25,775.0000
1,Nancy Davolio,10,30,744.0000
1,Nancy Davolio,10,70,2170.0000
1,Nancy Davolio,11,5,84.0000
1,Nancy Davolio,11,15,315.0000
1,Nancy Davolio,11,50,1050.0000
1,Nancy Davolio,12,2,76.0000
1,Nancy Davolio,12,30,1140.0000
1,Nancy Davolio,12,36,1368.0000
1,Nancy Davolio,13,4,24.0000
1,Nancy Davolio,13,6,36.0000
1,Nancy Davolio,13,10,48.0000
1,Nancy Davolio,13,10,60.0000
1,Nancy Davolio,13,12,57.6000
1,Nancy Davolio,13,28,168.0000
1,Nancy Davolio,14,1,23.2500
1,Nancy Davolio,14,9,167.4000
1,Nancy Davolio,14,16,372.0000
1,Nancy Davolio,14,42,781.2000
1,Nancy Davolio,15,10,155.0000
1,Nancy Davolio,16,2,34.9000
1,Nancy Davolio,16,6,104.7000
1,Nancy Davolio,16,10,174.5000
1,Nancy Davolio,16,15,261.7500
1,Nancy Davolio,16,20,349.0000
1,Nancy Davolio,16,30,523.5000
1,Nancy Davolio,16,35,486.5000
1,Nancy Davolio,16,50,872.5000
1,Nancy Davolio,16,55,959.7500
1,Nancy Davolio,17,33,1287.0000
1,Nancy Davolio,17,77,3003.0000
1,Nancy Davolio,18,12,600.0000
1,Nancy Davolio,18,20,1000.0000
1,Nancy Davolio,18,25,1562.5000
1,Nancy Davolio,18,30,1875.0000
1,Nancy Davolio,19,5,46.0000
1,Nancy Davolio,19,12,110.4000
1,Nancy Davolio,19,50,460.0000
1,Nancy Davolio,20,1,81.0000
1,Nancy Davolio,20,20,1296.0000
1,Nancy Davolio,21,32,320.0000
1,Nancy Davolio,21,40,320.0000
1,Nancy Davolio,23,2,18.0000
1,Nancy Davolio,23,40,288.0000
1,Nancy Davolio,24,10,36.0000
1,Nancy Davolio,24,12,43.2000
1,Nancy Davolio,24,15,54.0000
1,Nancy Davolio,24,20,90.0000
1,Nancy Davolio,24,25,90.0000
1,Nancy Davolio,24,25,112.5000
1,Nancy Davolio,24,30,135.0000
1,Nancy Davolio,24,40,180.0000
1,Nancy Davolio,25,7,78.4000
1,Nancy Davolio,25,20,280.0000
1,Nancy Davolio,26,6,187.3800
1,Nancy Davolio,26,12,374.7600
1,Nancy Davolio,26,16,398.4000
1,Nancy Davolio,26,30,936.9000
1,Nancy Davolio,26,70,1743.0000
1,Nancy Davolio,27,50,2195.0000
1,Nancy Davolio,28,2,91.2000
1,Nancy Davolio,28,6,218.4000
1,Nancy Davolio,28,20,728.0000
1,Nancy Davolio,28,20,912.0000
1,Nancy Davolio,29,8,990.3200
1,Nancy Davolio,29,18,1782.0000
1,Nancy Davolio,29,21,2079.0000
1,Nancy Davolio,30,10,207.0000
1,Nancy Davolio,30,10,258.9000
1,Nancy Davolio,30,18,372.6000
1,Nancy Davolio,30,20,517.8000
1,Nancy Davolio,30,28,579.6000
1,Nancy Davolio,31,4,40.0000
1,Nancy Davolio,31,8,100.0000
1,Nancy Davolio,31,16,200.0000
1,Nancy Davolio,31,20,250.0000
1,Nancy Davolio,31,30,300.0000
1,Nancy Davolio,31,30,375.0000
1,Nancy Davolio,31,32,320.0000
1,Nancy Davolio,31,35,437.5000
1,Nancy Davolio,31,42,420.0000
1,Nancy Davolio,31,60,750.0000
1,Nancy Davolio,31,70,875.0000
1,Nancy Davolio,32,1,32.0000
1,Nancy Davolio,32,6,153.6000
1,Nancy Davolio,32,6,192.0000
1,Nancy Davolio,32,40,1024.0000
1,Nancy Davolio,33,4,10.0000
1,Nancy Davolio,33,8,20.0000
1,Nancy Davolio,33,12,24.0000
1,Nancy Davolio,33,20,50.0000
1,Nancy Davolio,35,10,180.0000
1,Nancy Davolio,35,15,270.0000
1,Nancy Davolio,35,20,360.0000
1,Nancy Davolio,35,24,432.0000
1,Nancy Davolio,35,30,540.0000
1,Nancy Davolio,35,35,504.0000
1,Nancy Davolio,36,6,91.2000
1,Nancy Davolio,36,30,456.0000
1,Nancy Davolio,36,30,570.0000
1,Nancy Davolio,36,40,760.0000
1,Nancy Davolio,36,55,1045.0000
1,Nancy Davolio,38,15,3952.5000
1,Nancy Davolio,38,20,4216.0000
1,Nancy Davolio,38,60,15810.0000
1,Nancy Davolio,39,2,36.0000
1,Nancy Davolio,39,10,180.0000
1,Nancy Davolio,39,20,288.0000
1,Nancy Davolio,39,20,360.0000
1,Nancy Davolio,39,21,378.0000
1,Nancy Davolio,39,54,777.6000
1,Nancy Davolio,40,5,92.0000
1,Nancy Davolio,40,10,147.0000
1,Nancy Davolio,40,15,276.0000
1,Nancy Davolio,40,20,294.0000
1,Nancy Davolio,40,40,588.0000
1,Nancy Davolio,41,3,28.9500
1,Nancy Davolio,41,5,48.2500
1,Nancy Davolio,41,9,86.8500
1,Nancy Davolio,41,10,77.0000
1,Nancy Davolio,41,12,92.4000
1,Nancy Davolio,41,12,115.8000
1,Nancy Davolio,41,13,100.1000
1,Nancy Davolio,41,20,193.0000
1,Nancy Davolio,42,6,67.2000
1,Nancy Davolio,42,12,168.0000
1,Nancy Davolio,42,28,392.0000
1,Nancy Davolio,42,40,560.0000
1,Nancy Davolio,43,5,230.0000
1,Nancy Davolio,43,25,920.0000
1,Nancy Davolio,43,30,1380.0000
1,Nancy Davolio,43,40,1472.0000
1,Nancy Davolio,43,60,2760.0000
1,Nancy Davolio,44,2,31.0000
1,Nancy Davolio,44,77,1193.5000
1,Nancy Davolio,45,27,256.5000
1,Nancy Davolio,45,30,228.0000
1,Nancy Davolio,45,110,1045.0000
1,Nancy Davolio,46,3,36.0000
1,Nancy Davolio,46,9,108.0000
1,Nancy Davolio,46,24,288.0000
1,Nancy Davolio,46,28,336.0000
1,Nancy Davolio,46,35,420.0000
1,Nancy Davolio,47,5,47.5000
1,Nancy Davolio,47,25,237.5000
1,Nancy Davolio,48,6,76.5000
1,Nancy Davolio,48,15,153.0000
1,Nancy Davolio,49,10,200.0000
1,Nancy Davolio,49,18,360.0000
1,Nancy Davolio,49,30,480.0000
1,Nancy Davolio,49,60,1200.0000
1,Nancy Davolio,50,25,325.0000
1,Nancy Davolio,51,3,159.0000
1,Nancy Davolio,51,6,318.0000
1,Nancy Davolio,51,10,530.0000
1,Nancy Davolio,51,20,1060.0000
1,Nancy Davolio,51,25,1060.0000
1,Nancy Davolio,51,28,1484.0000
1,Nancy Davolio,51,120,6360.0000
1,Nancy Davolio,52,2,14.0000
1,Nancy Davolio,52,25,175.0000
1,Nancy Davolio,52,30,210.0000
1,Nancy Davolio,53,10,262.0000
1,Nancy Davolio,53,12,393.6000
1,Nancy Davolio,53,18,590.4000
1,Nancy Davolio,53,20,656.0000
1,Nancy Davolio,53,25,820.0000
1,Nancy Davolio,53,36,943.2000
1,Nancy Davolio,54,3,22.3500
1,Nancy Davolio,54,5,29.5000
1,Nancy Davolio,54,7,52.1500
1,Nancy Davolio,54,15,111.7500
1,Nancy Davolio,54,24,178.8000
1,Nancy Davolio,54,35,260.7500
1,Nancy Davolio,54,50,372.5000
1,Nancy Davolio,55,2,48.0000
1,Nancy Davolio,55,4,96.0000
1,Nancy Davolio,55,12,288.0000
1,Nancy Davolio,55,30,720.0000
1,Nancy Davolio,55,60,1152.0000
1,Nancy Davolio,56,12,456.0000
1,Nancy Davolio,56,14,532.0000
1,Nancy Davolio,56,20,760.0000
1,Nancy Davolio,56,70,2128.0000
1,Nancy Davolio,57,20,390.0000
1,Nancy Davolio,57,28,546.0000
1,Nancy Davolio,58,15,159.0000
1,Nancy Davolio,58,20,265.0000
1,Nancy Davolio,58,30,318.0000
1,Nancy Davolio,59,1,55.0000
1,Nancy Davolio,59,6,264.0000
1,Nancy Davolio,59,10,440.0000
1,Nancy Davolio,59,12,528.0000
1,Nancy Davolio,59,15,825.0000
1,Nancy Davolio,59,20,1100.0000
1,Nancy Davolio,59,40,2200.0000
1,Nancy Davolio,60,2,68.0000
1,Nancy Davolio,60,4,136.0000
1,Nancy Davolio,60,8,217.6000
1,Nancy Davolio,60,10,340.0000
1,Nancy Davolio,60,20,544.0000
1,Nancy Davolio,60,20,680.0000
1,Nancy Davolio,60,36,1224.0000
1,Nancy Davolio,60,40,1360.0000
1,Nancy Davolio,60,55,1496.0000
1,Nancy Davolio,60,70,2380.0000
1,Nancy Davolio,61,5,142.5000
1,Nancy Davolio,62,6,295.8000
1,Nancy Davolio,62,9,443.7000
1,Nancy Davolio,62,10,394.0000
1,Nancy Davolio,62,10,493.0000
1,Nancy Davolio,62,20,986.0000
1,Nancy Davolio,62,21,1035.3000
1,Nancy Davolio,62,25,985.0000
1,Nancy Davolio,62,40,1972.0000
1,Nancy Davolio,62,70,2758.0000
1,Nancy Davolio,63,5,175.5000
1,Nancy Davolio,63,30,1317.0000
1,Nancy Davolio,63,40,1756.0000
1,Nancy Davolio,64,2,66.5000
1,Nancy Davolio,64,4,133.0000
1,Nancy Davolio,64,15,498.7500
1,Nancy Davolio,64,30,997.5000
1,Nancy Davolio,65,10,168.0000
1,Nancy Davolio,65,12,252.6000
1,Nancy Davolio,65,15,315.7500
1,Nancy Davolio,65,20,336.0000
1,Nancy Davolio,66,1,17.0000
1,Nancy Davolio,68,8,80.0000
1,Nancy Davolio,68,15,187.5000
1,Nancy Davolio,68,18,225.0000
1,Nancy Davolio,68,20,250.0000
1,Nancy Davolio,68,55,687.5000
1,Nancy Davolio,69,7,201.6000
1,Nancy Davolio,69,25,900.0000
1,Nancy Davolio,69,30,864.0000
1,Nancy Davolio,69,40,1440.0000
1,Nancy Davolio,69,50,1800.0000
1,Nancy Davolio,70,3,45.0000
1,Nancy Davolio,70,12,180.0000
1,Nancy Davolio,70,15,225.0000
1,Nancy Davolio,70,20,300.0000
1,Nancy Davolio,70,25,300.0000
1,Nancy Davolio,70,30,450.0000
1,Nancy Davolio,71,2,34.4000
1,Nancy Davolio,71,5,86.0000
1,Nancy Davolio,71,9,193.5000
1,Nancy Davolio,71,12,206.4000
1,Nancy Davolio,71,15,258.0000
1,Nancy Davolio,71,15,322.5000
1,Nancy Davolio,71,20,430.0000
1,Nancy Davolio,71,30,645.0000
1,Nancy Davolio,71,60,1032.0000
1,Nancy Davolio,71,60,1290.0000
1,Nancy Davolio,72,2,69.6000
1,Nancy Davolio,72,21,583.8000
1,Nancy Davolio,72,21,730.8000
1,Nancy Davolio,72,40,1112.0000
1,Nancy Davolio,73,2,30.0000
1,Nancy Davolio,73,3,45.0000
1,Nancy Davolio,73,9,135.0000
1,Nancy Davolio,74,16,128.0000
1,Nancy Davolio,75,4,31.0000
1,Nancy Davolio,75,6,37.2000
1,Nancy Davolio,75,7,54.2500
1,Nancy Davolio,75,10,77.5000
1,Nancy Davolio,75,21,162.7500
1,Nancy Davolio,75,40,310.0000
1,Nancy Davolio,75,120,930.0000
1,Nancy Davolio,76,5,90.0000
1,Nancy Davolio,76,10,180.0000
1,Nancy Davolio,76,35,630.0000
1,Nancy Davolio,76,80,1440.0000
1,Nancy Davolio,76,90,1620.0000
1,Nancy Davolio,77,2,26.0000
1,Nancy Davolio,77,20,260.0000
1,Nancy Davolio,77,30,390.0000
1,Nancy Davolio,77,40,520.0000

